{
	"metadata" : {
		"formatVersion" : 3,
		"description" : "Exported from LibZinc."
	},

	"materials" : [ {
	"DbgColor" : 15658734,
	"DbgIndex" : 0,
	"DbgName" : "my_material",
	"colorDiffuse" : [0, 0, 0],
	"colorSpecular" : [0, 0, 0],
	"shading" : "Phong",
	"specularCoef" : 0,
	"opacity" : 1,
	"vertexColors" : true
	}],

	"vertices" : [
		0.250000,0.000000,0.000000,0.312500,0.000000,0.000000,0.312500,0.000000,0.000000,0.375000,0.000000,0.000000,0.375000,0.000000,0.000000,0.437500,0.000000,0.000000,0.437500,0.000000,0.000000,0.500000,0.000000,0.000000,0.250000,0.000000,1.000000,0.312500,0.000000,1.000000,
		0.312500,0.000000,1.000000,0.375000,0.000000,1.000000,0.375000,0.000000,1.000000,0.437500,0.000000,1.000000,0.437500,0.000000,1.000000,0.500000,0.000000,1.000000,0.250000,0.000000,0.000000,0.250000,0.000000,0.250000,0.250000,0.000000,0.250000,0.250000,0.000000,0.500000,
		0.250000,0.000000,0.500000,0.250000,0.000000,0.750000,0.250000,0.000000,0.750000,0.250000,0.000000,1.000000,0.500000,0.000000,0.000000,0.500000,0.000000,0.250000,0.500000,0.000000,0.250000,0.500000,0.000000,0.500000,0.500000,0.000000,0.500000,0.500000,0.000000,0.750000,
		0.500000,0.000000,0.750000,0.500000,0.000000,1.000000,-0.000000,0.250000,0.000000,-0.000000,0.312500,0.000000,-0.000000,0.312500,0.000000,-0.000000,0.375000,0.000000,-0.000000,0.375000,0.000000,-0.000000,0.437500,0.000000,-0.000000,0.437500,0.000000,0.000000,0.500000,0.000000,
		0.000000,0.250000,1.000000,0.000000,0.312500,1.000000,0.000000,0.312500,1.000000,0.000000,0.375000,1.000000,0.000000,0.375000,1.000000,0.000000,0.437500,1.000000,0.000000,0.437500,1.000000,0.000000,0.500000,1.000000,-0.000000,0.250000,0.000000,-0.000000,0.250000,0.250000,
		-0.000000,0.250000,0.250000,-0.000000,0.250000,0.500000,-0.000000,0.250000,0.500000,0.000000,0.250000,0.750000,0.000000,0.250000,0.750000,0.000000,0.250000,1.000000,0.000000,0.500000,0.000000,0.000000,0.500000,0.250000,0.000000,0.500000,0.250000,0.000000,0.500000,0.500000,
		0.000000,0.500000,0.500000,0.000000,0.500000,0.750000,0.000000,0.500000,0.750000,0.000000,0.500000,1.000000,0.250000,0.000000,0.000000,0.229345,0.094286,0.000000,0.229345,0.094286,0.000000,0.174087,0.174087,0.000000,0.174087,0.174087,0.000000,0.094286,0.229345,0.000000,
		0.094286,0.229345,0.000000,-0.000000,0.250000,0.000000,0.500000,0.000000,0.000000,0.458691,0.188572,0.000000,0.458691,0.188572,0.000000,0.348175,0.348175,0.000000,0.348175,0.348175,0.000000,0.188572,0.458691,0.000000,0.188572,0.458691,0.000000,0.000000,0.500000,0.000000,
		0.250000,0.000000,1.000000,0.229345,0.094286,1.000000,0.229345,0.094286,1.000000,0.174087,0.174087,1.000000,0.174087,0.174087,1.000000,0.094286,0.229345,1.000000,0.094286,0.229345,1.000000,0.000000,0.250000,1.000000,0.500000,0.000000,1.000000,0.458691,0.188572,1.000000,
		0.458691,0.188572,1.000000,0.348175,0.348175,1.000000,0.348175,0.348175,1.000000,0.188572,0.458691,1.000000,0.188572,0.458691,1.000000,0.000000,0.500000,1.000000,-0.250000,0.000000,0.000000,-0.312500,0.000000,0.000000,-0.312500,0.000000,0.000000,-0.375000,-0.000000,0.000000,
		-0.375000,-0.000000,0.000000,-0.437500,-0.000000,0.000000,-0.437500,-0.000000,0.000000,-0.500000,-0.000000,0.000000,-0.250000,-0.000000,1.000000,-0.312500,-0.000000,1.000000,-0.312500,-0.000000,1.000000,-0.375000,-0.000000,1.000000,-0.375000,-0.000000,1.000000,-0.437500,-0.000000,1.000000,
		-0.437500,-0.000000,1.000000,-0.500000,-0.000000,1.000000,-0.250000,0.000000,0.000000,-0.250000,0.000000,0.250000,-0.250000,0.000000,0.250000,-0.250000,-0.000000,0.500000,-0.250000,-0.000000,0.500000,-0.250000,-0.000000,0.750000,-0.250000,-0.000000,0.750000,-0.250000,-0.000000,1.000000,
		-0.500000,-0.000000,0.000000,-0.500000,-0.000000,0.250000,-0.500000,-0.000000,0.250000,-0.500000,-0.000000,0.500000,-0.500000,-0.000000,0.500000,-0.500000,-0.000000,0.750000,-0.500000,-0.000000,0.750000,-0.500000,-0.000000,1.000000,0.000000,0.250000,0.000000,-0.094286,0.229345,0.000000,
		-0.094286,0.229345,0.000000,-0.174087,0.174087,0.000000,-0.174087,0.174087,0.000000,-0.229345,0.094286,0.000000,-0.229345,0.094286,0.000000,-0.250000,0.000000,0.000000,0.000000,0.500000,0.000000,-0.188572,0.458691,0.000000,-0.188572,0.458691,0.000000,-0.348175,0.348175,0.000000,
		-0.348175,0.348175,0.000000,-0.458691,0.188572,0.000000,-0.458691,0.188572,0.000000,-0.500000,-0.000000,0.000000,0.000000,0.250000,1.000000,-0.094286,0.229345,1.000000,-0.094286,0.229345,1.000000,-0.174087,0.174087,1.000000,-0.174087,0.174087,1.000000,-0.229345,0.094286,1.000000,
		-0.229345,0.094286,1.000000,-0.250000,-0.000000,1.000000,0.000000,0.500000,1.000000,-0.188572,0.458691,1.000000,-0.188572,0.458691,1.000000,-0.348175,0.348175,1.000000,-0.348175,0.348175,1.000000,-0.458691,0.188572,1.000000,-0.458691,0.188572,1.000000,-0.500000,-0.000000,1.000000,
		0.000000,-0.250000,0.000000,0.000000,-0.312500,0.000000,0.000000,-0.312500,0.000000,-0.000000,-0.375000,0.000000,-0.000000,-0.375000,0.000000,-0.000000,-0.437500,0.000000,-0.000000,-0.437500,0.000000,-0.000000,-0.500000,0.000000,-0.000000,-0.250000,1.000000,-0.000000,-0.312500,1.000000,
		-0.000000,-0.312500,1.000000,-0.000000,-0.375000,1.000000,-0.000000,-0.375000,1.000000,-0.000000,-0.437500,1.000000,-0.000000,-0.437500,1.000000,-0.000000,-0.500000,1.000000,0.000000,-0.250000,0.000000,0.000000,-0.250000,0.250000,0.000000,-0.250000,0.250000,0.000000,-0.250000,0.500000,
		0.000000,-0.250000,0.500000,-0.000000,-0.250000,0.750000,-0.000000,-0.250000,0.750000,-0.000000,-0.250000,1.000000,-0.000000,-0.500000,0.000000,-0.000000,-0.500000,0.250000,-0.000000,-0.500000,0.250000,-0.000000,-0.500000,0.500000,-0.000000,-0.500000,0.500000,-0.000000,-0.500000,0.750000,
		-0.000000,-0.500000,0.750000,-0.000000,-0.500000,1.000000,-0.250000,0.000000,0.000000,-0.229345,-0.094286,0.000000,-0.229345,-0.094286,0.000000,-0.174087,-0.174087,0.000000,-0.174087,-0.174087,0.000000,-0.094286,-0.229345,0.000000,-0.094286,-0.229345,0.000000,0.000000,-0.250000,0.000000,
		-0.500000,0.000000,0.000000,-0.458691,-0.188572,0.000000,-0.458691,-0.188572,0.000000,-0.348175,-0.348175,0.000000,-0.348175,-0.348175,0.000000,-0.188572,-0.458691,0.000000,-0.188572,-0.458691,0.000000,-0.000000,-0.500000,0.000000,-0.250000,0.000000,1.000000,-0.229345,-0.094286,1.000000,
		-0.229345,-0.094286,1.000000,-0.174087,-0.174087,1.000000,-0.174087,-0.174087,1.000000,-0.094286,-0.229345,1.000000,-0.094286,-0.229345,1.000000,-0.000000,-0.250000,1.000000,-0.500000,0.000000,1.000000,-0.458691,-0.188572,1.000000,-0.458691,-0.188572,1.000000,-0.348175,-0.348175,1.000000,
		-0.348175,-0.348175,1.000000,-0.188572,-0.458691,1.000000,-0.188572,-0.458691,1.000000,-0.000000,-0.500000,1.000000,-0.000000,-0.250000,0.000000,0.094286,-0.229345,0.000000,0.094286,-0.229345,0.000000,0.174087,-0.174087,0.000000,0.174087,-0.174087,0.000000,0.229345,-0.094286,0.000000,
		0.229345,-0.094286,0.000000,0.250000,-0.000000,0.000000,-0.000000,-0.500000,0.000000,0.188572,-0.458691,0.000000,0.188572,-0.458691,0.000000,0.348175,-0.348175,0.000000,0.348175,-0.348175,0.000000,0.458691,-0.188572,0.000000,0.458691,-0.188572,0.000000,0.500000,-0.000000,0.000000,
		-0.000000,-0.250000,1.000000,0.094286,-0.229345,1.000000,0.094286,-0.229345,1.000000,0.174087,-0.174087,1.000000,0.174087,-0.174087,1.000000,0.229345,-0.094286,1.000000,0.229345,-0.094286,1.000000,0.250000,-0.000000,1.000000,-0.000000,-0.500000,1.000000,0.188572,-0.458691,1.000000,
		0.188572,-0.458691,1.000000,0.348175,-0.348175,1.000000,0.348175,-0.348175,1.000000,0.458691,-0.188572,1.000000,0.458691,-0.188572,1.000000,0.500000,-0.000000,1.000000
	],