{
	"metadata" : {
		"formatVersion" : 3,
		"description" : "Exported from LibZinc."
	},

	"materials" : [ {
	"DbgColor" : 15658734,
	"DbgIndex" : 0,
	"DbgName" : "my_material",
	"colorDiffuse" : [0, 0, 0],
	"colorSpecular" : [0, 0, 0],
	"shading" : "Phong",
	"specularCoef" : 0,
	"opacity" : 1,
	"vertexColors" : true
	}],

	"vertices" : [
		0.000000,-0.200000,-0.500000,0.000568,-0.196255,-0.379622,0.000568,-0.196255,-0.379622,0.001515,-0.186681,-0.233873,0.001515,-0.186681,-0.233873,0.001705,-0.173766,-0.085833,0.001705,-0.173766,-0.085833,0.000000,-0.160000,0.041421,0.173205,-0.100000,-0.500000,0.177957,-0.099570,-0.399232,
		0.177957,-0.099570,-0.399232,0.192091,-0.098438,-0.297872,0.192091,-0.098438,-0.297872,0.215426,-0.096836,-0.197338,0.215426,-0.096836,-0.197338,0.247782,-0.095000,-0.099048,0.000000,-0.200000,-0.500000,0.051607,-0.192877,-0.500000,0.051607,-0.192877,-0.500000,0.099693,-0.172672,-0.500000,
		0.099693,-0.172672,-0.500000,0.141233,-0.141132,-0.500000,0.141233,-0.141132,-0.500000,0.173205,-0.100000,-0.500000,0.000000,-0.160000,0.041421,0.071072,-0.169825,-0.008137,0.071072,-0.169825,-0.008137,0.141070,-0.161233,-0.046790,0.141070,-0.161233,-0.046790,0.202479,-0.135775,-0.076454,
		0.202479,-0.135775,-0.076454,0.247782,-0.095000,-0.099048,0.173205,0.100000,-0.500000,0.177957,0.099570,-0.399232,0.177957,0.099570,-0.399232,0.192091,0.098438,-0.297872,0.192091,0.098438,-0.297872,0.215426,0.096836,-0.197338,0.215426,0.096836,-0.197338,0.247782,0.095000,-0.099048,
		0.173205,-0.100000,-0.500000,0.192840,-0.051746,-0.500000,0.192840,-0.051746,-0.500000,0.199385,-0.000000,-0.500000,0.199385,-0.000000,-0.500000,0.192840,0.051746,-0.500000,0.192840,0.051746,-0.500000,0.173205,0.100000,-0.500000,0.247782,-0.095000,-0.099048,0.273840,-0.047344,-0.113820,
		0.273840,-0.047344,-0.113820,0.282526,-0.000000,-0.118744,0.282526,-0.000000,-0.118744,0.273840,0.047344,-0.113820,0.273840,0.047344,-0.113820,0.247782,0.095000,-0.099048,0.000000,0.200000,-0.500000,0.000568,0.196255,-0.379622,0.000568,0.196255,-0.379622,0.001515,0.186681,-0.233873,
		0.001515,0.186681,-0.233873,0.001705,0.173766,-0.085833,0.001705,0.173766,-0.085833,-0.000000,0.160000,0.041421,0.173205,0.100000,-0.500000,0.141233,0.141132,-0.500000,0.141233,0.141132,-0.500000,0.099693,0.172672,-0.500000,0.099693,0.172672,-0.500000,0.051607,0.192877,-0.500000,
		0.051607,0.192877,-0.500000,0.000000,0.200000,-0.500000,0.247782,0.095000,-0.099048,0.202479,0.135775,-0.076454,0.202479,0.135775,-0.076454,0.141070,0.161233,-0.046790,0.141070,0.161233,-0.046790,0.071072,0.169825,-0.008137,0.071072,0.169825,-0.008137,-0.000000,0.160000,0.041421,
		-0.173205,0.100000,-0.500000,-0.175852,0.097852,-0.397127,-0.175852,0.097852,-0.397127,-0.184436,0.092188,-0.290217,-0.184436,0.092188,-0.290217,-0.199926,0.084180,-0.181837,-0.199926,0.084180,-0.181837,-0.223287,0.075000,-0.074553,0.000000,0.200000,-0.500000,-0.051607,0.192877,-0.500000,
		-0.051607,0.192877,-0.500000,-0.099693,0.172672,-0.500000,-0.099693,0.172672,-0.500000,-0.141233,0.141132,-0.500000,-0.141233,0.141132,-0.500000,-0.173205,0.100000,-0.500000,0.000000,0.160000,0.041421,-0.066890,0.150946,-0.004121,-0.066890,0.150946,-0.004121,-0.130908,0.134960,-0.036172,
		-0.130908,0.134960,-0.036172,-0.185294,0.110245,-0.058419,-0.185294,0.110245,-0.058419,-0.223287,0.075000,-0.074553,-0.173205,-0.100000,-0.500000,-0.175852,-0.097852,-0.397127,-0.175852,-0.097852,-0.397127,-0.184436,-0.092188,-0.290217,-0.184436,-0.092188,-0.290217,-0.199926,-0.084180,-0.181837,
		-0.199926,-0.084180,-0.181837,-0.223287,-0.075000,-0.074553,-0.173205,0.100000,-0.500000,-0.192840,0.051746,-0.500000,-0.192840,0.051746,-0.500000,-0.199385,0.000000,-0.500000,-0.199385,0.000000,-0.500000,-0.192840,-0.051746,-0.500000,-0.192840,-0.051746,-0.500000,-0.173205,-0.100000,-0.500000,
		-0.223287,0.075000,-0.074553,-0.243945,0.036146,-0.085282,-0.243945,0.036146,-0.085282,-0.250831,0.000000,-0.088859,-0.250831,0.000000,-0.088859,-0.243945,-0.036146,-0.085282,-0.243945,-0.036146,-0.085282,-0.223287,-0.075000,-0.074553,-0.173205,-0.100000,-0.500000,-0.141233,-0.141132,-0.500000,
		-0.141233,-0.141132,-0.500000,-0.099693,-0.172672,-0.500000,-0.099693,-0.172672,-0.500000,-0.051607,-0.192877,-0.500000,-0.051607,-0.192877,-0.500000,0.000000,-0.200000,-0.500000,-0.223287,-0.075000,-0.074553,-0.185294,-0.110245,-0.058419,-0.185294,-0.110245,-0.058419,-0.130908,-0.134960,-0.036172,
		-0.130908,-0.134960,-0.036172,-0.066890,-0.150946,-0.004121,-0.066890,-0.150946,-0.004121,0.000000,-0.160000,0.041421,0.000000,-0.160000,0.041421,0.079150,-0.166606,0.107038,0.079150,-0.166606,0.107038,0.174457,-0.173094,0.188891,0.174457,-0.173094,0.188891,0.270924,-0.178035,0.275043,
		0.270924,-0.178035,0.275043,0.353553,-0.180000,0.353553,0.247782,-0.095000,-0.099048,0.288976,-0.093164,-0.004418,0.288976,-0.093164,-0.004418,0.338829,-0.091563,0.085132,0.338829,-0.091563,0.085132,0.397157,-0.090430,0.168186,0.397157,-0.090430,0.168186,0.463780,-0.090000,0.243326,
		0.353553,-0.180000,0.353553,0.386396,-0.173589,0.320711,0.386396,-0.173589,0.320711,0.416997,-0.155405,0.290109,0.416997,-0.155405,0.290109,0.443434,-0.127018,0.263673,0.443434,-0.127018,0.263673,0.463780,-0.090000,0.243326,0.247782,0.095000,-0.099048,0.288976,0.093164,-0.004418,
		0.288976,0.093164,-0.004418,0.338829,0.091563,0.085132,0.338829,0.091563,0.085132,0.397157,0.090430,0.168186,0.397157,0.090430,0.168186,0.463780,0.090000,0.243326,0.463780,-0.090000,0.243326,0.476276,-0.046571,0.230831,0.476276,-0.046571,0.230831,0.480441,-0.000000,0.226666,
		0.480441,-0.000000,0.226666,0.476276,0.046571,0.230831,0.476276,0.046571,0.230831,0.463780,0.090000,0.243326,0.000000,0.160000,0.041421,0.079150,0.166606,0.107038,0.079150,0.166606,0.107038,0.174457,0.173094,0.188891,0.174457,0.173094,0.188891,0.270924,0.178035,0.275043,
		0.270924,0.178035,0.275043,0.353553,0.180000,0.353553,0.463780,0.090000,0.243326,0.443434,0.127018,0.263673,0.443434,0.127018,0.263673,0.416997,0.155405,0.290109,0.416997,0.155405,0.290109,0.386396,0.173589,0.320711,0.386396,0.173589,0.320711,0.353553,0.180000,0.353553,
		-0.024495,0.070000,0.297864,0.040700,0.077344,0.315697,0.040700,0.077344,0.315697,0.106599,0.083750,0.350060,0.106599,0.083750,0.350060,0.173907,0.088281,0.399804,0.173907,0.088281,0.399804,0.243326,0.090000,0.463780,0.000000,0.160000,0.041421,-0.005000,0.145983,0.137323,
		-0.005000,0.145983,0.137323,-0.012343,0.128483,0.209361,-0.012343,0.128483,0.209361,-0.019638,0.104242,0.261540,-0.019638,0.104242,0.261540,-0.024495,0.070000,0.297864,0.353553,0.180000,0.353553,0.320711,0.173589,0.386396,0.320711,0.173589,0.386396,0.290109,0.155405,0.416997,
		0.290109,0.155405,0.416997,0.263673,0.127018,0.443434,0.263673,0.127018,0.443434,0.243326,0.090000,0.463780,-0.024495,-0.070000,0.297864,0.040700,-0.077344,0.315697,0.040700,-0.077344,0.315697,0.106599,-0.083750,0.350060,0.106599,-0.083750,0.350060,0.173907,-0.088281,0.399804,
		0.173907,-0.088281,0.399804,0.243326,-0.090000,0.463780,-0.024495,0.070000,0.297864,-0.026625,0.033002,0.320163,-0.026625,0.033002,0.320163,-0.027335,0.000000,0.327596,-0.027335,0.000000,0.327596,-0.026625,-0.033002,0.320163,-0.026625,-0.033002,0.320163,-0.024495,-0.070000,0.297864,
		0.243326,0.090000,0.463780,0.230831,0.046571,0.476276,0.230831,0.046571,0.476276,0.226666,0.000000,0.480441,0.226666,0.000000,0.480441,0.230831,-0.046571,0.476276,0.230831,-0.046571,0.476276,0.243326,-0.090000,0.463780,-0.024495,-0.070000,0.297864,-0.019638,-0.104242,0.261540,
		-0.019638,-0.104242,0.261540,-0.012343,-0.128483,0.209361,-0.012343,-0.128483,0.209361,-0.005000,-0.145983,0.137323,-0.005000,-0.145983,0.137323,0.000000,-0.160000,0.041421,0.243326,-0.090000,0.463780,0.263673,-0.127018,0.443434,0.263673,-0.127018,0.443434,0.290109,-0.155405,0.416997,
