{
	"metadata" : {
		"formatVersion" : 3,
		"description" : "Exported from LibZinc."
	},

	"materials" : [ {
	"DbgColor" : 15658734,
	"DbgIndex" : 0,
	"DbgName" : "my_material",
	"colorDiffuse" : [0, 0, 0],
	"colorSpecular" : [0, 0, 0],
	"shading" : "Phong",
	"specularCoef" : 0,
	"opacity" : 1,
	"vertexColors" : true
	}],

	"vertices" : [
		0.000000,0.000000,0.000000,0.000000,0.000000,0.250000,0.000000,0.000000,0.250000,0.000000,0.000000,0.500000,0.000000,0.000000,0.500000,0.000000,0.000000,0.750000,0.000000,0.000000,0.750000,0.000000,0.000000,1.000000,0.000000,1.000000,0.000000,0.000000,1.000000,0.250000,
		0.000000,1.000000,0.250000,0.000000,1.000000,0.500000,0.000000,1.000000,0.500000,0.000000,1.000000,0.750000,0.000000,1.000000,0.750000,0.000000,1.000000,1.000000,0.000000,0.000000,0.000000,0.000000,0.250000,0.000000,0.000000,0.250000,0.000000,0.000000,0.500000,0.000000,
		0.000000,0.500000,0.000000,0.000000,0.750000,0.000000,0.000000,0.750000,0.000000,0.000000,1.000000,0.000000,0.000000,0.000000,1.000000,0.000000,0.250000,1.000000,0.000000,0.250000,1.000000,0.000000,0.500000,1.000000,0.000000,0.500000,1.000000,0.000000,0.750000,1.000000,
		0.000000,0.750000,1.000000,0.000000,1.000000,1.000000,1.500000,0.000000,0.000000,1.500000,0.000000,0.250000,1.500000,0.000000,0.250000,1.500000,0.000000,0.500000,1.500000,0.000000,0.500000,1.500000,0.000000,0.750000,1.500000,0.000000,0.750000,1.500000,0.000000,1.000000,
		1.500000,1.000000,0.000000,1.500000,1.000000,0.250000,1.500000,1.000000,0.250000,1.500000,1.000000,0.500000,1.500000,1.000000,0.500000,1.500000,1.000000,0.750000,1.500000,1.000000,0.750000,1.500000,1.000000,1.000000,1.500000,0.000000,0.000000,1.500000,0.250000,0.000000,
		1.500000,0.250000,0.000000,1.500000,0.500000,0.000000,1.500000,0.500000,0.000000,1.500000,0.750000,0.000000,1.500000,0.750000,0.000000,1.500000,1.000000,0.000000,1.500000,0.000000,1.000000,1.500000,0.250000,1.000000,1.500000,0.250000,1.000000,1.500000,0.500000,1.000000,
		1.500000,0.500000,1.000000,1.500000,0.750000,1.000000,1.500000,0.750000,1.000000,1.500000,1.000000,1.000000,0.000000,0.000000,0.000000,0.375000,0.000000,0.000000,0.375000,0.000000,0.000000,0.750000,0.000000,0.000000,0.750000,0.000000,0.000000,1.125000,0.000000,0.000000,
		1.125000,0.000000,0.000000,1.500000,0.000000,0.000000,0.000000,0.000000,1.000000,0.375000,0.000000,1.000000,0.375000,0.000000,1.000000,0.750000,0.000000,1.000000,0.750000,0.000000,1.000000,1.125000,0.000000,1.000000,1.125000,0.000000,1.000000,1.500000,0.000000,1.000000,
		0.000000,1.000000,0.000000,0.375000,1.000000,0.000000,0.375000,1.000000,0.000000,0.750000,1.000000,0.000000,0.750000,1.000000,0.000000,1.125000,1.000000,0.000000,1.125000,1.000000,0.000000,1.500000,1.000000,0.000000,0.000000,1.000000,1.000000,0.375000,1.000000,1.000000,
		0.375000,1.000000,1.000000,0.750000,1.000000,1.000000,0.750000,1.000000,1.000000,1.125000,1.000000,1.000000,1.125000,1.000000,1.000000,1.500000,1.000000,1.000000
	],

	"faces": [
		0 ,0,1,2,
		0 ,3,4,5,
		0 ,6,7,8,
		0 ,9,10,11,
		0 ,12,13,14,
		0 ,15,16,17,
		0 ,18,19,20,
		0 ,21,22,23,
		0 ,24,25,26,
		0 ,27,28,29,
		0 ,30,31,32,
		0 ,33,34,35,
		0 ,36,37,38,
		0 ,39,40,41,
		0 ,42,43,44,
		0 ,45,46,47,
		0 ,48,49,50,
		0 ,51,52,53,
		0 ,54,55,56,
		0 ,57,58,59,
		0 ,60,61,62,
		0 ,63,64,65,
		0 ,66,67,68,
		0 ,69,70,71,
		0 ,72,73,74,
		0 ,75,76,77,
		0 ,78,79,80,
		0 ,81,82,83,
		0 ,84,85,86,
		0 ,87,88,89,
		0 ,90,91,92,
		0 ,93,94,95
	]

}
