{"farPlane": 7.88551982890656, "nearPlane": 0.1942759914453282, "eyePosition": [0.0, 0.0, 3.88551982890656], "targetPosition": [0.0, 0.0, 0.0], "upVector": [0.0, 1.0, 0.0], "viewAngle": 0.6981317007977319}